{"accuracy": [0.17610231041908264, 0.3853859305381775, 0.5529916882514954, 0.6379572749137878, 0.7015472650527954, 0.7546731233596802, 0.7857078909873962, 0.820499062538147, 0.8438422083854675, 0.8768446445465088, 0.8923172950744629, 0.9093998670578003, 0.9236204028129578, 0.9367677569389343, 0.950541079044342, 0.9567123055458069, 0.9564439654350281, 0.9609158635139465, 0.9651194214820862, 0.9727215766906738, 0.9776406288146973, 0.9764779806137085], "loss": [2.1237990856170654, 1.6198451519012451, 1.2195408344268799, 1.017177700996399, 0.8448853492736816, 0.7052550315856934, 0.6063816547393799, 0.5118536949157715, 0.4416443109512329, 0.3581424951553345, 0.30901557207107544, 0.25890445709228516, 0.22525329887866974, 0.186165452003479, 0.14341409504413605, 0.12498527020215988, 0.1263544261455536, 0.11309763789176941, 0.10130546241998672, 0.08313705027103424, 0.06750783324241638, 0.07072599977254868], "val_accuracy": [0.3022174537181854, 0.5239627957344055, 0.4653075933456421, 0.5990700721740723, 0.7489270567893982, 0.766094446182251, 0.7775393128395081, 0.8147353529930115, 0.8229613900184631, 0.8419170379638672, 0.8698140382766724, 0.8526466488838196, 0.8898426294326782, 0.8894850015640259, 0.9023604989051819, 0.8934191465377808, 0.9123747944831848, 0.8898426294326782, 0.9213161468505859, 0.9116595387458801, 0.9191702604293823, 0.892346203327179], "val_loss": [1.8697609901428223, 1.2628978490829468, 1.5435336828231812, 1.112316608428955, 0.7369054555892944, 0.6992310881614685, 0.6680712103843689, 0.5310742259025574, 0.5193319916725159, 0.4564597010612488, 0.38828644156455994, 0.43205350637435913, 0.33236125111579895, 0.3401980698108673, 0.32297834753990173, 0.35392212867736816, 0.27999815344810486, 0.3573414385318756, 0.3043449819087982, 0.3169401288032532, 0.289173424243927, 0.3910287618637085]}